{
  "system": "hca",
  "case_title": "IEEE118",
  "load_scale": 0.6748,
  "upgrades": null,
  "buses": {
    "1": {
      "fuels": {
        "hca": 0.28544913610936484,
        "wind": 0.42879999999999985,
        "solar": 1.3643999999999998,
        "nuclear": 0.0,
        "hydro": 0.0,
        "coal": 0.0,
        "ng": 0.7838524638906234,
        "dl": 0.0
      },
      "max_max_muF": {
        "branch": 37,
        "muF": 72.30281901017612
      },
      "max_mean_muF": {
        "branch": 37,
        "muF": 1.807570475254403
      }
    }
  },
  "branches": {
    "37": {
      "from": 1,
      "to": 3,
      "muF": 0.009365650130851829,
      "rating": 157.0,
      "kv1": 138.0,
      "kv2": 138.0
    }
  }
}