{
  "system": "hca",
  "case_title": "IEEE39",
  "load_scale": 1.0,
  "upgrades": null,
  "buses": {
    "1": {
      "fuels": {
        "hca": 0.6975999999999999,
        "wind": 0.0,
        "solar": 0.0,
        "nuclear": 1.59,
        "hydro": 0.1714521810563475,
        "coal": 0.0,
        "ng": 3.795177818943657,
        "dl": 0.0
      },
      "max_max_muF": {
        "branch": 3,
        "muF": 59.90206916368307
      },
      "max_mean_muF": {
        "branch": 3,
        "muF": 11.980413832736614
      },
      "local_branches_mu_max": {
        "1": 0.00047890853596461953
      }
    },
    "2": {
      "fuels": {
        "hca": 0.7438971491889571,
        "wind": 0.0,
        "solar": 0.0,
        "nuclear": 1.59,
        "hydro": 0.0,
        "coal": 0.0,
        "ng": 3.9203328508110555,
        "dl": 0.0
      },
      "max_max_muF": {
        "branch": 3,
        "muF": 51.34285756538761
      },
      "max_mean_muF": {
        "branch": 3,
        "muF": 10.03319887530569
      },
      "local_branches_mu_max": {
        "3": 51.34285756538761
      }
    },
    "3": {
      "fuels": {
        "hca": 0.7232886051778874,
        "wind": 0.0,
        "solar": 0.0,
        "nuclear": 1.59,
        "hydro": 0.9,
        "coal": 0.0,
        "ng": 3.0409413948220965,
        "dl": 0.0
      },
      "max_max_muF": {
        "branch": 7,
        "muF": 45.62594240128318
      },
      "max_mean_muF": {
        "branch": 7,
        "muF": 7.604323733547197
      },
      "local_branches_mu_max": {
        "6": 37.7418791627389,
        "7": 45.62594240128318
      }
    },
    "4": {
      "fuels": {
        "hca": 1.43742356135417,
        "wind": 0.0,
        "solar": 0.0,
        "nuclear": 1.180642910830472,
        "hydro": 0.9000000000000001,
        "coal": 0.0,
        "ng": 2.736163527815363,
        "dl": 0.0
      },
      "max_max_muF": {
        "branch": 24,
        "muF": 45.629048073040956
      },
      "max_mean_muF": {
        "branch": 24,
        "muF": 7.604841345506826
      },
      "local_branches_mu_max": {
        "8": 8.641860976324885,
        "9": 9.29722217063964
      }
    },
    "5": {
      "fuels": {
        "hca": 1.4163010883642795,
        "wind": 0.0,
        "solar": 0.0,
        "nuclear": 1.0939890999487842,
        "hydro": 0.871647352229552,
        "coal": 0.0,
        "ng": 2.872292459457383,
        "dl": 0.0
      },
      "max_max_muF": {
        "branch": 3,
        "muF": 59.99027480491081
      },
      "max_mean_muF": {
        "branch": 3,
        "muF": 9.998379134151802
      },
      "local_branches_mu_max": {
        "8": 20.894709048836503
      }
    },
    "6": {
      "fuels": {
        "hca": 1.0874367364737318,
        "wind": 0.0,
        "solar": 0.0,
        "nuclear": 1.2952932635262682,
        "hydro": 0.8947943236698415,
        "coal": 0.0,
        "ng": 2.9767056763301603,
        "dl": 0.0
      },
      "max_max_muF": {
        "branch": 12,
        "muF": 75.51761406999144
      },
      "max_mean_muF": {
        "branch": 12,
        "muF": 12.58626901166524
      },
      "local_branches_mu_max": {
        "12": 75.51761406999144
      }
    },
    "7": {
      "fuels": {
        "hca": 1.1286268345728803,
        "wind": 0.0,
        "solar": 0.0,
        "nuclear": 1.4879031654271198,
        "hydro": 0.9000000000000002,
        "coal": 0.0,
        "ng": 2.7377000000000127,
        "dl": 0.0
      },
      "max_max_muF": {
        "branch": 15,
        "muF": 52.91549384946864
      },
      "max_mean_muF": {
        "branch": 15,
        "muF": 10.583098769893727
      },
      "local_branches_mu_max": {
        "15": 52.91549384946864
      }
    },
    "8": {
      "fuels": {
        "hca": 1.2310716084291065,
        "wind": 0.0,
        "solar": 0.0,
        "nuclear": 1.59,
        "hydro": 0.8999999999999999,
        "coal": 0.0,
        "ng": 2.533158391570887,
        "dl": 0.0
      },
      "max_max_muF": {
        "branch": 8,
        "muF": 62.93961387660255
      },
      "max_mean_muF": {
        "branch": 8,
        "muF": 10.489935646100426
      },
      "local_branches_mu_max": {}
    },
    "9": {
      "fuels": {
        "hca": 0.6541219815446297,
        "wind": 0.0,
        "solar": 0.0,
        "nuclear": 1.59,
        "hydro": 0.8752538060164003,
        "coal": 0.0,
        "ng": 3.134854212438965,
        "dl": 0.0
      },
      "max_max_muF": {
        "branch": 17,
        "muF": 59.946445693031926
      },
      "max_mean_muF": {
        "branch": 3,
        "muF": 13.673485875853572
      },
      "local_branches_mu_max": {
        "17": 59.946445693031926
      }
    },
    "10": {
      "fuels": {
        "hca": 0.5864221162328749,
        "wind": 0.0,
        "solar": 0.0,
        "nuclear": 0.865,
        "hydro": 0.8604318540894889,
        "coal": 0.0,
        "ng": 3.942376029677635,
        "dl": 0.0
      },
      "max_max_muF": {
        "branch": 3,
        "muF": 64.18872932017635
      },
      "max_mean_muF": {
        "branch": 3,
        "muF": 12.83774586403527
      },
      "local_branches_mu_max": {}
    },
    "11": {
      "fuels": {
        "hca": 0.5827820880080935,
        "wind": 0.0,
        "solar": 0.0,
        "nuclear": 0.8907479119919183,
        "hydro": 0.8644709691447926,
        "coal": 0.0,
        "ng": 3.9162290308552095,
        "dl": 0.0
      },
      "max_max_muF": {
        "branch": 3,
        "muF": 61.514531040859936
      },
      "max_mean_muF": {
        "branch": 3,
        "muF": 10.252421840143322
      },
      "local_branches_mu_max": {
        "13": 11.359685628796537
      }
    },
    "12": {
      "fuels": {
        "hca": 0.50853,
        "wind": 0.0,
        "solar": 0.0,
        "nuclear": 1.2353574136863326,
        "hydro": 0.8750379426665147,
        "coal": 0.0,
        "ng": 3.635304643647156,
        "dl": 0.0
      },
      "max_max_muF": {
        "branch": 3,
        "muF": 62.0684580839381
      },
      "max_mean_muF": {
        "branch": 3,
        "muF": 12.41369161678762
      },
      "local_branches_mu_max": {
        "21": 4.1494477053357315
      }
    },
    "13": {
      "fuels": {
        "hca": 0.48853000000000957,
        "wind": 0.0,
        "solar": 0.0,
        "nuclear": 0.865,
        "hydro": 0.8485844338161334,
        "coal": 0.0,
        "ng": 4.052115566183858,
        "dl": 0.0
      },
      "max_max_muF": {
        "branch": 3,
        "muF": 60.92209778214809
      },
      "max_mean_muF": {
        "branch": 3,
        "muF": 10.153682963691349
      },
      "local_branches_mu_max": {}
    },
    "14": {
      "fuels": {
        "hca": 0.36904829830519187,
        "wind": 0.0,
        "solar": 0.0,
        "nuclear": 1.3535300000000001,
        "hydro": 0.8844104926589466,
        "coal": 0.0,
        "ng": 3.647241209035868,
        "dl": 0.0
      },
      "max_max_muF": {
        "branch": 3,
        "muF": 65.28415238045463
      },
      "max_mean_muF": {
        "branch": 3,
        "muF": 10.880692063409105
      },
      "local_branches_mu_max": {
        "9": 61.03530064799631
      }
    },
    "15": {
      "fuels": {
        "hca": 0.5835299999999963,
        "wind": 0.0,
        "solar": 0.0,
        "nuclear": 1.59,
        "hydro": 0.874990676257686,
        "coal": 0.0,
        "ng": 3.205709323742312,
        "dl": 0.0
      },
      "max_max_muF": {
        "branch": 3,
        "muF": 60.48311792565411
      },
      "max_mean_muF": {
        "branch": 3,
        "muF": 12.096623585130823
      },
      "local_branches_mu_max": {}
    },
    "16": {
      "fuels": {
        "hca": 1.528999999999999,
        "wind": 0.0,
        "solar": 0.0,
        "nuclear": 1.5735300000000043,
        "hydro": 0.8340281471484704,
        "coal": 0.0,
        "ng": 2.3176718528515283,
        "dl": 0.0
      },
      "max_max_muF": {
        "branch": 3,
        "muF": 54.52782588426892
      },